-- phpMyAdmin SQL Dump
-- version 5.2.0
-- https://www.phpmyadmin.net/
--
-- Host: localhost:3306
-- Generation Time: Dec 14, 2025 at 03:14 PM
-- Server version: 5.7.39
-- PHP Version: 8.1.10

SET SQL_MODE = "NO_AUTO_VALUE_ON_ZERO";
START TRANSACTION;
SET time_zone = "+00:00";


/*!40101 SET @OLD_CHARACTER_SET_CLIENT=@@CHARACTER_SET_CLIENT */;
/*!40101 SET @OLD_CHARACTER_SET_RESULTS=@@CHARACTER_SET_RESULTS */;
/*!40101 SET @OLD_COLLATION_CONNECTION=@@COLLATION_CONNECTION */;
/*!40101 SET NAMES utf8mb4 */;

--
-- Database: `du_an_1`
--

-- --------------------------------------------------------

--
-- Table structure for table `addresses`
--

CREATE TABLE `addresses` (
  `id` bigint(20) NOT NULL,
  `user_id` bigint(20) NOT NULL,
  `full_name` varchar(255) COLLATE utf8mb4_unicode_ci NOT NULL,
  `phone_number` varchar(20) COLLATE utf8mb4_unicode_ci NOT NULL,
  `address_line` varchar(255) COLLATE utf8mb4_unicode_ci NOT NULL,
  `is_default` tinyint(4) NOT NULL DEFAULT '0',
  `created_at` timestamp NULL DEFAULT CURRENT_TIMESTAMP,
  `updated_at` timestamp NULL DEFAULT CURRENT_TIMESTAMP ON UPDATE CURRENT_TIMESTAMP
) ENGINE=InnoDB DEFAULT CHARSET=utf8mb4 COLLATE=utf8mb4_unicode_ci;

-- --------------------------------------------------------

--
-- Table structure for table `blogs`
--

CREATE TABLE `blogs` (
  `id` bigint(20) NOT NULL,
  `user_id` bigint(20) NOT NULL,
  `blog_category_id` bigint(20) NOT NULL,
  `title` varchar(255) COLLATE utf8mb4_unicode_ci NOT NULL,
  `slug` varchar(255) COLLATE utf8mb4_unicode_ci NOT NULL,
  `content` longtext COLLATE utf8mb4_unicode_ci NOT NULL,
  `excerpt` varchar(255) COLLATE utf8mb4_unicode_ci DEFAULT NULL,
  `thumbnail` varchar(255) COLLATE utf8mb4_unicode_ci DEFAULT NULL,
  `status` enum('published','draft') COLLATE utf8mb4_unicode_ci NOT NULL DEFAULT 'draft',
  `created_at` timestamp NULL DEFAULT CURRENT_TIMESTAMP,
  `updated_at` timestamp NULL DEFAULT CURRENT_TIMESTAMP ON UPDATE CURRENT_TIMESTAMP
) ENGINE=InnoDB DEFAULT CHARSET=utf8mb4 COLLATE=utf8mb4_unicode_ci;

-- --------------------------------------------------------

--
-- Table structure for table `blog_categories`
--

CREATE TABLE `blog_categories` (
  `id` bigint(20) NOT NULL,
  `name` varchar(255) COLLATE utf8mb4_unicode_ci NOT NULL,
  `slug` varchar(255) COLLATE utf8mb4_unicode_ci NOT NULL,
  `created_at` timestamp NULL DEFAULT CURRENT_TIMESTAMP,
  `updated_at` timestamp NULL DEFAULT CURRENT_TIMESTAMP ON UPDATE CURRENT_TIMESTAMP
) ENGINE=InnoDB DEFAULT CHARSET=utf8mb4 COLLATE=utf8mb4_unicode_ci;

-- --------------------------------------------------------

--
-- Table structure for table `brands`
--

CREATE TABLE `brands` (
  `id` bigint(20) NOT NULL,
  `name` varchar(255) COLLATE utf8mb4_unicode_ci NOT NULL,
  `slug` varchar(255) COLLATE utf8mb4_unicode_ci NOT NULL,
  `created_at` timestamp NULL DEFAULT CURRENT_TIMESTAMP,
  `updated_at` timestamp NULL DEFAULT CURRENT_TIMESTAMP ON UPDATE CURRENT_TIMESTAMP
) ENGINE=InnoDB DEFAULT CHARSET=utf8mb4 COLLATE=utf8mb4_unicode_ci;

--
-- Dumping data for table `brands`
--

INSERT INTO `brands` (`id`, `name`, `slug`, `created_at`, `updated_at`) VALUES
(1, 'Casio', 'casio', '2025-11-10 08:29:50', '2025-11-10 08:29:50'),
(2, 'Rolex', 'rolex', '2025-11-10 08:29:50', '2025-11-10 08:29:50'),
(3, 'Seiko', 'seiko', '2025-11-10 08:29:50', '2025-11-10 08:29:50');

-- --------------------------------------------------------

--
-- Table structure for table `carts`
--

CREATE TABLE `carts` (
  `id` bigint(20) NOT NULL,
  `user_id` bigint(20) NOT NULL,
  `created_at` timestamp NULL DEFAULT CURRENT_TIMESTAMP,
  `updated_at` timestamp NULL DEFAULT CURRENT_TIMESTAMP ON UPDATE CURRENT_TIMESTAMP
) ENGINE=InnoDB DEFAULT CHARSET=latin1;

-- --------------------------------------------------------

--
-- Table structure for table `cart_items`
--

CREATE TABLE `cart_items` (
  `id` bigint(20) NOT NULL,
  `cart_id` bigint(20) NOT NULL,
  `variant_id` bigint(20) NOT NULL,
  `quantity` int(11) NOT NULL DEFAULT '1',
  `created_at` timestamp NULL DEFAULT CURRENT_TIMESTAMP,
  `updated_at` timestamp NULL DEFAULT CURRENT_TIMESTAMP ON UPDATE CURRENT_TIMESTAMP
) ENGINE=InnoDB DEFAULT CHARSET=latin1;

-- --------------------------------------------------------

--
-- Table structure for table `categories`
--

CREATE TABLE `categories` (
  `id` bigint(20) NOT NULL,
  `name` varchar(255) COLLATE utf8mb4_unicode_ci NOT NULL,
  `slug` varchar(255) COLLATE utf8mb4_unicode_ci NOT NULL,
  `created_at` timestamp NULL DEFAULT CURRENT_TIMESTAMP,
  `updated_at` timestamp NULL DEFAULT CURRENT_TIMESTAMP ON UPDATE CURRENT_TIMESTAMP,
  `status` enum('published','draft','hidden') COLLATE utf8mb4_unicode_ci NOT NULL DEFAULT 'published'
) ENGINE=InnoDB DEFAULT CHARSET=utf8mb4 COLLATE=utf8mb4_unicode_ci;

--
-- Dumping data for table `categories`
--

INSERT INTO `categories` (`id`, `name`, `slug`, `created_at`, `updated_at`, `status`) VALUES
(1, 'sản phẩm nổi bật', 'san-pham-noi-bat', '2025-11-10 08:54:30', '2025-12-14 14:52:54', 'published'),
(2, 'sản phẩm xu hướng', 'san-pham-xu-huong', '2025-11-10 08:54:30', '2025-11-14 14:43:50', 'published'),
(3, 'Bộ sưu tập đẹp nhất\n', 'bo-suu-tap-dep-nhat', '2025-11-10 08:54:30', '2025-11-14 14:50:48', 'published');

-- --------------------------------------------------------

--
-- Table structure for table `colors`
--

CREATE TABLE `colors` (
  `id` bigint(20) NOT NULL,
  `name` varchar(255) COLLATE utf8mb4_unicode_ci NOT NULL,
  `code` varchar(10) COLLATE utf8mb4_unicode_ci DEFAULT NULL,
  `created_at` timestamp NULL DEFAULT CURRENT_TIMESTAMP,
  `updated_at` timestamp NULL DEFAULT CURRENT_TIMESTAMP ON UPDATE CURRENT_TIMESTAMP
) ENGINE=InnoDB DEFAULT CHARSET=utf8mb4 COLLATE=utf8mb4_unicode_ci;

--
-- Dumping data for table `colors`
--

INSERT INTO `colors` (`id`, `name`, `code`, `created_at`, `updated_at`) VALUES
(1, 'Black', '#000000', '2025-11-10 08:54:30', '2025-11-17 05:24:30'),
(2, 'Silver', '#C0C0C0', '2025-11-10 08:54:30', '2025-11-17 05:24:30'),
(3, 'Gold', '#FFD700', '2025-11-10 08:54:30', '2025-11-17 05:24:30'),
(4, 'Rose Gold', '#B76E79', '2025-11-10 08:54:30', '2025-11-17 05:24:30'),
(5, 'Blue', '#0000FF', '2025-11-10 08:54:30', '2025-11-17 05:24:30'),
(6, 'White', '#FFFFFF', '2025-11-10 08:54:30', '2025-11-17 05:24:30');

-- --------------------------------------------------------

--
-- Table structure for table `comments`
--

CREATE TABLE `comments` (
  `id` bigint(20) NOT NULL,
  `user_id` bigint(20) NOT NULL,
  `product_id` bigint(20) DEFAULT NULL,
  `content` mediumtext COLLATE utf8mb4_unicode_ci NOT NULL,
  `rating` tinyint(4) DEFAULT NULL,
  `id_product` bigint(20) DEFAULT NULL,
  `commentable_type` varchar(50) COLLATE utf8mb4_unicode_ci NOT NULL,
  `created_at` timestamp NULL DEFAULT CURRENT_TIMESTAMP,
  `updated_at` timestamp NULL DEFAULT CURRENT_TIMESTAMP ON UPDATE CURRENT_TIMESTAMP
) ENGINE=InnoDB DEFAULT CHARSET=utf8mb4 COLLATE=utf8mb4_unicode_ci;

--
-- Dumping data for table `comments`
--

INSERT INTO `comments` (`id`, `user_id`, `product_id`, `content`, `rating`, `id_product`, `commentable_type`, `created_at`, `updated_at`) VALUES
(11, 1, NULL, 'Sản phẩm rất đẹp, giao hàng nhanh, sẽ ủng hộ shop tiếp!', 5, 1, 'product', '2025-12-13 15:00:20', '2025-12-13 19:33:38'),
(12, 1, NULL, 'Chất lượng tạm ổn trong tầm giá, nhưng đóng gói hơi sơ sài.', 3, 6, 'product', '2025-12-13 15:00:20', '2025-12-13 19:33:41'),
(13, 2, NULL, 'Hàng bị lỗi nhẹ ở viền, shop hỗ trợ đổi trả nhiệt tình.', 4, 6, 'product', '2025-12-13 15:00:20', '2025-12-13 19:33:44'),
(14, 2, NULL, 'Không giống như hình ảnh quảng cáo, thất vọng.', 1, 6, 'product', '2025-12-13 15:00:20', '2025-12-13 19:33:46'),
(15, 3, NULL, 'Dùng được 1 tuần thấy khá ổn, chưa thấy lỗi gì.', 5, 6, 'product', '2025-12-13 15:00:20', '2025-12-13 19:33:48'),
(17, 1, NULL, 'Đồng hồ Casio này chất lượng tuyệt vời, xứng đáng 5 sao!', 5, 1, 'product', '2025-12-14 07:14:43', '2025-12-14 07:14:43'),
(18, 3, NULL, 'Seiko 5 Sports rất đẹp, đúng như mong đợi. Rất hài lòng.', 5, 3, 'product', '2025-12-14 07:14:43', '2025-12-14 07:14:43'),
(19, 2, NULL, 'Giao hàng nhanh, sản phẩm y hình, đã giới thiệu cho bạn bè.', 5, 6, 'product', '2025-12-14 07:14:43', '2025-12-14 07:14:43'),
(20, 1, NULL, 'Casio Edifice bền bỉ, tính năng Chronograph hoạt động hoàn hảo.', 5, 7, 'product', '2025-12-14 07:14:43', '2025-12-14 07:14:43'),
(21, 3, NULL, 'Mẫu GA-2100 quá ngầu, tôi rất thích thiết kế của nó.', 5, 1, 'product', '2025-12-14 07:14:43', '2025-12-14 07:14:43'),
(22, 2, NULL, 'Chất lượng ổn, chỉ hơi nặng tay một chút xíu, nhưng vẫn đáng mua.', 4, 3, 'product', '2025-12-14 07:14:43', '2025-12-14 07:14:43'),
(23, 1, NULL, 'Mặt kính dễ trầy hơn tôi nghĩ, nhưng tổng thể sản phẩm vẫn rất tốt.', 4, 6, 'product', '2025-12-14 07:14:43', '2025-12-14 07:14:43'),
(24, 3, NULL, 'Đồng hồ lịch lãm, phù hợp đi làm. Đáng giá tiền.', 4, 7, 'product', '2025-12-14 07:14:43', '2025-12-14 07:14:43'),
(26, 1, NULL, 'Dùng được một thời gian thì thấy bình thường, không quá nổi bật.', 3, 3, 'product', '2025-12-14 07:14:43', '2025-12-14 07:14:43'),
(27, 3, NULL, 'Màu sắc không được như ảnh, có lẽ do ánh sáng. Cho 3 sao.', 3, 6, 'product', '2025-12-14 07:14:43', '2025-12-14 07:14:43'),
(28, 2, NULL, 'Hàng giao bị trễ 2 ngày, làm mất hứng mua sắm. Chất lượng tạm được.', 2, 7, 'product', '2025-12-14 07:14:43', '2025-12-14 07:14:43'),
(29, 1, NULL, 'Sau 3 ngày sử dụng đã xuất hiện lỗi nhỏ ở kim giây.', 2, 6, 'product', '2025-12-14 07:14:43', '2025-12-14 07:14:43'),
(30, 3, NULL, 'Sản phẩm giao đến bị hư hỏng, yêu cầu đổi trả gấp!', 1, 3, 'product', '2025-12-14 07:14:43', '2025-12-14 07:14:43'),
(31, 2, NULL, 'Giá quá cao so với chất lượng thực tế. Thất vọng hoàn toàn.', 1, 1, 'product', '2025-12-14 07:14:43', '2025-12-14 07:14:43');

-- --------------------------------------------------------

--
-- Table structure for table `coupons`
--

CREATE TABLE `coupons` (
  `id` bigint(20) NOT NULL,
  `code` varchar(50) COLLATE utf8mb4_unicode_ci NOT NULL,
  `type` enum('percent','fixed') COLLATE utf8mb4_unicode_ci NOT NULL,
  `value` decimal(15,2) NOT NULL,
  `usage_limit` int(11) DEFAULT NULL,
  `expires_at` timestamp NULL DEFAULT NULL,
  `created_at` timestamp NULL DEFAULT CURRENT_TIMESTAMP,
  `updated_at` timestamp NULL DEFAULT CURRENT_TIMESTAMP ON UPDATE CURRENT_TIMESTAMP
) ENGINE=InnoDB DEFAULT CHARSET=utf8mb4 COLLATE=utf8mb4_unicode_ci;

-- --------------------------------------------------------

--
-- Table structure for table `orders`
--

CREATE TABLE `orders` (
  `id` bigint(20) NOT NULL,
  `user_id` bigint(20) NOT NULL,
  `total_price` decimal(15,2) NOT NULL,
  `shipping_address` varchar(255) COLLATE utf8mb4_unicode_ci NOT NULL,
  `phone_number` varchar(20) COLLATE utf8mb4_unicode_ci NOT NULL,
  `status` enum('pending','processing','shipped','completed','cancelled') COLLATE utf8mb4_unicode_ci NOT NULL DEFAULT 'pending',
  `payment_method_id` bigint(20) NOT NULL,
  `shipping_method_id` bigint(20) NOT NULL,
  `coupon_id` bigint(20) DEFAULT NULL,
  `created_at` timestamp NULL DEFAULT CURRENT_TIMESTAMP,
  `updated_at` timestamp NULL DEFAULT CURRENT_TIMESTAMP ON UPDATE CURRENT_TIMESTAMP
) ENGINE=InnoDB DEFAULT CHARSET=utf8mb4 COLLATE=utf8mb4_unicode_ci;

--
-- Dumping data for table `orders`
--

INSERT INTO `orders` (`id`, `user_id`, `total_price`, `shipping_address`, `phone_number`, `status`, `payment_method_id`, `shipping_method_id`, `coupon_id`, `created_at`, `updated_at`) VALUES
(1, 1, '11550000.00', '123 Đường ABC, Quận 1, TP. HCM', '0909123456', 'completed', 1, 2, NULL, '2025-11-19 08:58:18', '2025-12-14 07:16:27'),
(2, 1, '351530000.00', '456 Đường XYZ, Quận Hoàn Kiếm, Hà Nội', '0909123456', 'pending', 2, 1, NULL, '2025-11-10 08:58:18', '2025-11-10 08:58:18'),
(3, 1, '280000000.00', 'tan ky tan quy', '0909123456', 'pending', 1, 1, NULL, '2025-12-13 18:45:05', '2025-12-13 18:45:05'),
(4, 1, '12000000.00', 'tan ky tan quy', '0909123456', 'pending', 1, 1, NULL, '2025-12-13 18:48:51', '2025-12-13 18:48:51'),
(5, 1, '7500000.00', 'tan ky tan quy12', '0909123456', 'pending', 1, 1, NULL, '2025-12-13 19:31:11', '2025-12-13 19:31:11'),
(6, 6, '7000000.00', '30/6 Ha Thi Khiem', '0376630401', 'pending', 1, 1, NULL, '2025-12-14 09:01:09', '2025-12-14 09:01:09'),
(7, 6, '4500000.00', '30/6 Ha Thi Khiem', '0376630401', 'pending', 1, 1, NULL, '2025-12-14 13:39:57', '2025-12-14 13:39:57');

-- --------------------------------------------------------

--
-- Table structure for table `order_items`
--

CREATE TABLE `order_items` (
  `id` bigint(20) NOT NULL,
  `order_id` bigint(20) NOT NULL,
  `variant_id` bigint(20) NOT NULL,
  `quantity` int(11) NOT NULL,
  `price` decimal(15,2) NOT NULL,
  `created_at` timestamp NULL DEFAULT CURRENT_TIMESTAMP,
  `updated_at` timestamp NULL DEFAULT CURRENT_TIMESTAMP ON UPDATE CURRENT_TIMESTAMP
) ENGINE=InnoDB DEFAULT CHARSET=utf8mb4 COLLATE=utf8mb4_unicode_ci;

--
-- Dumping data for table `order_items`
--

INSERT INTO `order_items` (`id`, `order_id`, `variant_id`, `quantity`, `price`, `created_at`, `updated_at`) VALUES
(1, 3, 4, 1, '280000000.00', '2025-12-13 18:45:05', '2025-12-13 18:45:05'),
(2, 4, 6, 1, '12000000.00', '2025-12-13 18:48:51', '2025-12-13 18:48:51'),
(3, 5, 3, 1, '7500000.00', '2025-12-13 19:31:11', '2025-12-13 19:31:11'),
(4, 6, 1, 2, '3500000.00', '2025-12-14 09:01:09', '2025-12-14 09:01:09'),
(5, 7, 7, 1, '4500000.00', '2025-12-14 13:39:57', '2025-12-14 13:39:57');

-- --------------------------------------------------------

--
-- Table structure for table `payment_methods`
--

CREATE TABLE `payment_methods` (
  `id` bigint(20) NOT NULL,
  `name` varchar(255) COLLATE utf8mb4_unicode_ci NOT NULL,
  `created_at` timestamp NULL DEFAULT CURRENT_TIMESTAMP,
  `updated_at` timestamp NULL DEFAULT CURRENT_TIMESTAMP ON UPDATE CURRENT_TIMESTAMP
) ENGINE=InnoDB DEFAULT CHARSET=utf8mb4 COLLATE=utf8mb4_unicode_ci;

--
-- Dumping data for table `payment_methods`
--

INSERT INTO `payment_methods` (`id`, `name`, `created_at`, `updated_at`) VALUES
(1, 'Thanh toán khi nhận hàng (COD)', '2025-11-10 08:58:18', '2025-11-10 08:58:18'),
(2, 'Chuyển khoản ngân hàng', '2025-11-10 08:58:18', '2025-11-10 08:58:18');

-- --------------------------------------------------------

--
-- Table structure for table `products`
--

CREATE TABLE `products` (
  `id` bigint(20) NOT NULL,
  `name` varchar(255) COLLATE utf8mb4_unicode_ci NOT NULL,
  `description` mediumtext COLLATE utf8mb4_unicode_ci,
  `slug` varchar(255) COLLATE utf8mb4_unicode_ci NOT NULL,
  `brand_id` bigint(20) NOT NULL,
  `category_id` bigint(20) NOT NULL,
  `status` enum('published','draft','archived') COLLATE utf8mb4_unicode_ci NOT NULL DEFAULT 'draft',
  `created_at` timestamp NULL DEFAULT CURRENT_TIMESTAMP,
  `updated_at` timestamp NULL DEFAULT CURRENT_TIMESTAMP ON UPDATE CURRENT_TIMESTAMP
) ENGINE=InnoDB DEFAULT CHARSET=utf8mb4 COLLATE=utf8mb4_unicode_ci;

--
-- Dumping data for table `products`
--

INSERT INTO `products` (`id`, `name`, `description`, `slug`, `brand_id`, `category_id`, `status`, `created_at`, `updated_at`) VALUES
(1, 'Casio G-Shock GA-2100', 'Mẫu đồng hồ G-Shock bền bỉ, thiết kế bát giác.', 'casio-ga-2100', 1, 1, 'published', '2025-12-09 05:38:46', '2025-12-09 05:38:46'),
(2, 'Rolex Datejust 41', 'Biểu tượng cổ điển của Rolex với mặt số xanh.', 'rolex-datejust-41', 2, 1, 'published', '2025-12-09 05:38:46', '2025-12-09 05:38:46'),
(3, 'Seiko 5 Sports SRPD', 'Đồng hồ cơ thể thao, chống nước tốt.', 'seiko-5-sports', 3, 2, 'published', '2025-12-09 05:38:46', '2025-12-09 05:38:46'),
(4, 'Rolex Lady-Datejust', 'Phiên bản sang trọng dành cho phái nữ.', 'rolex-lady-datejust', 2, 3, 'published', '2025-12-09 05:38:46', '2025-12-09 05:38:46'),
(5, 'Casio Vintage A168', 'Phong cách cổ điển, mạ vàng sang trọng.', 'casio-vintage-a168', 1, 2, 'published', '2025-12-09 05:38:46', '2025-12-09 05:38:46'),
(6, 'Seiko Presage Cocktail', 'Lấy cảm hứng từ những ly cocktail, mặt số chải tia.', 'seiko-presage', 3, 1, 'published', '2025-12-09 05:38:46', '2025-12-09 05:38:46'),
(7, 'Casio Edifice EFR', 'Đồng hồ Chronograph thể thao, lịch lãm.', 'casio-edifice', 1, 3, 'published', '2025-12-09 05:38:46', '2025-12-09 05:38:46');

-- --------------------------------------------------------

--
-- Table structure for table `product_images`
--

CREATE TABLE `product_images` (
  `id` bigint(20) NOT NULL,
  `product_id` bigint(20) NOT NULL,
  `image_url` varchar(255) COLLATE utf8mb4_unicode_ci NOT NULL,
  `alt_text` varchar(255) COLLATE utf8mb4_unicode_ci DEFAULT NULL,
  `created_at` timestamp NULL DEFAULT CURRENT_TIMESTAMP,
  `updated_at` timestamp NULL DEFAULT CURRENT_TIMESTAMP ON UPDATE CURRENT_TIMESTAMP
) ENGINE=InnoDB DEFAULT CHARSET=utf8mb4 COLLATE=utf8mb4_unicode_ci;

--
-- Dumping data for table `product_images`
--

INSERT INTO `product_images` (`id`, `product_id`, `image_url`, `alt_text`, `created_at`, `updated_at`) VALUES
(1, 1, 'sp1.png', 'Ảnh Casio GA-2100', '2025-12-09 05:38:46', '2025-12-09 05:38:46'),
(2, 2, 'sp2.png', 'Ảnh Rolex Datejust', '2025-12-09 05:38:46', '2025-12-09 05:38:46'),
(3, 3, 'sp3.png', 'Ảnh Seiko 5 Sports', '2025-12-09 05:38:46', '2025-12-09 05:38:46'),
(4, 4, 'sp4.png', 'Ảnh Rolex Lady', '2025-12-09 05:38:46', '2025-12-09 05:38:46'),
(5, 5, 'sp5.png', 'Ảnh Casio Vintage', '2025-12-09 05:38:46', '2025-12-09 05:38:46'),
(6, 6, 'sp6.png', 'Ảnh Seiko Presage', '2025-12-09 05:38:46', '2025-12-09 05:38:46'),
(7, 7, 'sp7.png', 'Ảnh Casio Edifice', '2025-12-09 05:38:46', '2025-12-09 05:38:46');

-- --------------------------------------------------------

--
-- Table structure for table `shipping_methods`
--

CREATE TABLE `shipping_methods` (
  `id` bigint(20) NOT NULL,
  `name` varchar(255) COLLATE utf8mb4_unicode_ci NOT NULL,
  `created_at` timestamp NULL DEFAULT CURRENT_TIMESTAMP,
  `updated_at` timestamp NULL DEFAULT CURRENT_TIMESTAMP ON UPDATE CURRENT_TIMESTAMP
) ENGINE=InnoDB DEFAULT CHARSET=utf8mb4 COLLATE=utf8mb4_unicode_ci;

--
-- Dumping data for table `shipping_methods`
--

INSERT INTO `shipping_methods` (`id`, `name`, `created_at`, `updated_at`) VALUES
(1, 'Giao hàng Tiêu chuẩn', '2025-11-10 08:58:18', '2025-11-10 08:58:18'),
(2, 'Giao hàng Nhanh', '2025-11-10 08:58:18', '2025-11-10 08:58:18');

-- --------------------------------------------------------

--
-- Table structure for table `sizes`
--

CREATE TABLE `sizes` (
  `id` bigint(20) NOT NULL,
  `name` varchar(255) COLLATE utf8mb4_unicode_ci NOT NULL,
  `created_at` timestamp NULL DEFAULT CURRENT_TIMESTAMP,
  `updated_at` timestamp NULL DEFAULT CURRENT_TIMESTAMP ON UPDATE CURRENT_TIMESTAMP
) ENGINE=InnoDB DEFAULT CHARSET=utf8mb4 COLLATE=utf8mb4_unicode_ci;

--
-- Dumping data for table `sizes`
--

INSERT INTO `sizes` (`id`, `name`, `created_at`, `updated_at`) VALUES
(1, '40mm', '2025-11-10 08:29:50', '2025-11-10 08:29:50'),
(2, '42mm', '2025-11-10 08:29:50', '2025-11-10 08:29:50'),
(3, '38mm', '2025-11-10 08:29:50', '2025-11-10 08:29:50');

-- --------------------------------------------------------

--
-- Table structure for table `users`
--

CREATE TABLE `users` (
  `id` bigint(20) NOT NULL,
  `name` varchar(255) COLLATE utf8mb4_unicode_ci NOT NULL,
  `email` varchar(255) COLLATE utf8mb4_unicode_ci NOT NULL,
  `password` varchar(255) COLLATE utf8mb4_unicode_ci NOT NULL,
  `role` enum('admin','customer') COLLATE utf8mb4_unicode_ci NOT NULL DEFAULT 'customer',
  `phone_number` varchar(20) COLLATE utf8mb4_unicode_ci DEFAULT NULL,
  `created_at` timestamp NULL DEFAULT CURRENT_TIMESTAMP,
  `updated_at` timestamp NULL DEFAULT CURRENT_TIMESTAMP ON UPDATE CURRENT_TIMESTAMP,
  `is_active` tinyint(1) NOT NULL DEFAULT '1'
) ENGINE=InnoDB DEFAULT CHARSET=utf8mb4 COLLATE=utf8mb4_unicode_ci;

--
-- Dumping data for table `users`
--

INSERT INTO `users` (`id`, `name`, `email`, `password`, `role`, `phone_number`, `created_at`, `updated_at`, `is_active`) VALUES
(1, 'Khách Hàng A', 'khachhang_a@gmail.com', '$2y$10$b/7g3169ZKdK62WLEkEBuu9HnQVnl0XmmttV433KTNXdOCbpEeJSu', 'customer', '0909123456', '2025-11-10 08:58:18', '2025-11-27 16:28:53', 1),
(2, 'neko neko', 'necon12398@gmail.com', '$2y$10$b/7g3169ZKdK62WLEkEBuu9HnQVnl0XmmttV433KTNXdOCbpEeJSu', 'admin', '0346673889', '2025-11-27 16:27:50', '2025-12-14 14:33:38', 1),
(3, 'Nguyen Van A', 'a@example.com', '123456', 'customer', NULL, '2025-12-13 14:59:51', '2025-12-14 09:38:51', 0),
(4, 'Tran Van B', 'b@example.com', '123456', 'customer', NULL, '2025-12-13 14:59:51', '2025-12-13 14:59:51', 1),
(5, 'Le Thi C', 'c@example.com', '123456', 'customer', NULL, '2025-12-13 14:59:51', '2025-12-14 09:32:22', 1),
(6, 'đăng minh', 'dominhdang3010@gmail.com', '$2y$10$M0X8gsBkpsphm.ySwLRxI.N19MB76XPvQTFOdl.ySVpX58xDo861K', 'customer', '0376630401', '2025-12-14 09:00:12', '2025-12-14 14:38:22', 1);

-- --------------------------------------------------------

--
-- Table structure for table `variants`
--

CREATE TABLE `variants` (
  `id` bigint(20) NOT NULL,
  `product_id` bigint(20) NOT NULL,
  `color_id` bigint(20) DEFAULT NULL,
  `size_id` bigint(20) DEFAULT NULL,
  `price` decimal(15,2) NOT NULL,
  `quantity` int(11) NOT NULL DEFAULT '0',
  `sku` varchar(100) DEFAULT NULL,
  `image` varchar(255) DEFAULT NULL,
  `created_at` timestamp NULL DEFAULT CURRENT_TIMESTAMP,
  `updated_at` timestamp NULL DEFAULT CURRENT_TIMESTAMP ON UPDATE CURRENT_TIMESTAMP
) ENGINE=InnoDB DEFAULT CHARSET=latin1;

--
-- Dumping data for table `variants`
--

INSERT INTO `variants` (`id`, `product_id`, `color_id`, `size_id`, `price`, `quantity`, `sku`, `image`, `created_at`, `updated_at`) VALUES
(1, 1, 1, 2, '3500000.00', 50, 'GA2100-BLK', 'sp8.png', '2025-12-09 05:38:46', '2025-12-09 05:38:46'),
(2, 2, 2, 1, '350000000.00', 10, 'RLX-DJ41-SLV', 'sp9.png', '2025-12-09 05:38:46', '2025-12-09 05:38:46'),
(3, 3, 1, 2, '7500000.00', 25, 'SRPD-BLK', 'sp10.png', '2025-12-09 05:38:46', '2025-12-09 05:38:46'),
(4, 4, 3, 3, '280000000.00', 5, 'RLX-LDJ-GLD', 'sp11.png', '2025-12-09 05:38:46', '2025-12-09 05:38:46'),
(5, 5, 3, 3, '1500000.00', 100, 'A168-GLD', 'sp12.png', '2025-12-09 05:38:46', '2025-12-09 05:38:46'),
(6, 6, 2, 1, '12000000.00', 20, 'PRESAGE-BLU', 'sp6.png', '2025-12-09 05:38:46', '2025-12-09 05:38:46'),
(7, 7, 2, 2, '4500000.00', 30, 'EDIFICE-SLV', 'sp7.png', '2025-12-09 05:38:46', '2025-12-09 05:38:46'),
(37, 7, 2, 2, '123.00', 11, 'test', 'var_test_1765353506.png', '2025-12-10 07:58:26', '2025-12-10 08:03:26');

--
-- Indexes for dumped tables
--

--
-- Indexes for table `addresses`
--
ALTER TABLE `addresses`
  ADD PRIMARY KEY (`id`),
  ADD KEY `user_id` (`user_id`);

--
-- Indexes for table `blogs`
--
ALTER TABLE `blogs`
  ADD PRIMARY KEY (`id`),
  ADD UNIQUE KEY `slug` (`slug`),
  ADD KEY `user_id` (`user_id`),
  ADD KEY `blog_category_id` (`blog_category_id`);

--
-- Indexes for table `blog_categories`
--
ALTER TABLE `blog_categories`
  ADD PRIMARY KEY (`id`),
  ADD UNIQUE KEY `slug` (`slug`);

--
-- Indexes for table `brands`
--
ALTER TABLE `brands`
  ADD PRIMARY KEY (`id`),
  ADD UNIQUE KEY `slug` (`slug`);

--
-- Indexes for table `carts`
--
ALTER TABLE `carts`
  ADD PRIMARY KEY (`id`),
  ADD UNIQUE KEY `user_id` (`user_id`);

--
-- Indexes for table `cart_items`
--
ALTER TABLE `cart_items`
  ADD PRIMARY KEY (`id`),
  ADD KEY `cart_id` (`cart_id`),
  ADD KEY `variant_id` (`variant_id`);

--
-- Indexes for table `categories`
--
ALTER TABLE `categories`
  ADD PRIMARY KEY (`id`),
  ADD UNIQUE KEY `slug` (`slug`);

--
-- Indexes for table `colors`
--
ALTER TABLE `colors`
  ADD PRIMARY KEY (`id`);

--
-- Indexes for table `comments`
--
ALTER TABLE `comments`
  ADD PRIMARY KEY (`id`),
  ADD KEY `user_id` (`user_id`),
  ADD KEY `product_id` (`product_id`) USING BTREE;

--
-- Indexes for table `coupons`
--
ALTER TABLE `coupons`
  ADD PRIMARY KEY (`id`),
  ADD UNIQUE KEY `code` (`code`);

--
-- Indexes for table `orders`
--
ALTER TABLE `orders`
  ADD PRIMARY KEY (`id`),
  ADD KEY `user_id` (`user_id`),
  ADD KEY `payment_method_id` (`payment_method_id`),
  ADD KEY `shipping_method_id` (`shipping_method_id`),
  ADD KEY `coupon_id` (`coupon_id`);

--
-- Indexes for table `order_items`
--
ALTER TABLE `order_items`
  ADD PRIMARY KEY (`id`),
  ADD KEY `order_id` (`order_id`),
  ADD KEY `variant_id` (`variant_id`);

--
-- Indexes for table `payment_methods`
--
ALTER TABLE `payment_methods`
  ADD PRIMARY KEY (`id`);

--
-- Indexes for table `products`
--
ALTER TABLE `products`
  ADD PRIMARY KEY (`id`),
  ADD UNIQUE KEY `slug` (`slug`),
  ADD KEY `brand_id` (`brand_id`),
  ADD KEY `category_id` (`category_id`);

--
-- Indexes for table `product_images`
--
ALTER TABLE `product_images`
  ADD PRIMARY KEY (`id`),
  ADD KEY `product_id` (`product_id`);

--
-- Indexes for table `shipping_methods`
--
ALTER TABLE `shipping_methods`
  ADD PRIMARY KEY (`id`);

--
-- Indexes for table `sizes`
--
ALTER TABLE `sizes`
  ADD PRIMARY KEY (`id`);

--
-- Indexes for table `users`
--
ALTER TABLE `users`
  ADD PRIMARY KEY (`id`),
  ADD UNIQUE KEY `email` (`email`),
  ADD UNIQUE KEY `phone_number` (`phone_number`);

--
-- Indexes for table `variants`
--
ALTER TABLE `variants`
  ADD PRIMARY KEY (`id`),
  ADD UNIQUE KEY `sku` (`sku`),
  ADD KEY `product_id` (`product_id`),
  ADD KEY `color_id` (`color_id`),
  ADD KEY `size_id` (`size_id`);

--
-- AUTO_INCREMENT for dumped tables
--

--
-- AUTO_INCREMENT for table `addresses`
--
ALTER TABLE `addresses`
  MODIFY `id` bigint(20) NOT NULL AUTO_INCREMENT;

--
-- AUTO_INCREMENT for table `blogs`
--
ALTER TABLE `blogs`
  MODIFY `id` bigint(20) NOT NULL AUTO_INCREMENT;

--
-- AUTO_INCREMENT for table `blog_categories`
--
ALTER TABLE `blog_categories`
  MODIFY `id` bigint(20) NOT NULL AUTO_INCREMENT;

--
-- AUTO_INCREMENT for table `brands`
--
ALTER TABLE `brands`
  MODIFY `id` bigint(20) NOT NULL AUTO_INCREMENT, AUTO_INCREMENT=7;

--
-- AUTO_INCREMENT for table `carts`
--
ALTER TABLE `carts`
  MODIFY `id` bigint(20) NOT NULL AUTO_INCREMENT;

--
-- AUTO_INCREMENT for table `cart_items`
--
ALTER TABLE `cart_items`
  MODIFY `id` bigint(20) NOT NULL AUTO_INCREMENT;

--
-- AUTO_INCREMENT for table `categories`
--
ALTER TABLE `categories`
  MODIFY `id` bigint(20) NOT NULL AUTO_INCREMENT, AUTO_INCREMENT=4;

--
-- AUTO_INCREMENT for table `colors`
--
ALTER TABLE `colors`
  MODIFY `id` bigint(20) NOT NULL AUTO_INCREMENT, AUTO_INCREMENT=7;

--
-- AUTO_INCREMENT for table `comments`
--
ALTER TABLE `comments`
  MODIFY `id` bigint(20) NOT NULL AUTO_INCREMENT, AUTO_INCREMENT=33;

--
-- AUTO_INCREMENT for table `coupons`
--
ALTER TABLE `coupons`
  MODIFY `id` bigint(20) NOT NULL AUTO_INCREMENT;

--
-- AUTO_INCREMENT for table `orders`
--
ALTER TABLE `orders`
  MODIFY `id` bigint(20) NOT NULL AUTO_INCREMENT, AUTO_INCREMENT=8;

--
-- AUTO_INCREMENT for table `order_items`
--
ALTER TABLE `order_items`
  MODIFY `id` bigint(20) NOT NULL AUTO_INCREMENT, AUTO_INCREMENT=6;

--
-- AUTO_INCREMENT for table `payment_methods`
--
ALTER TABLE `payment_methods`
  MODIFY `id` bigint(20) NOT NULL AUTO_INCREMENT, AUTO_INCREMENT=3;

--
-- AUTO_INCREMENT for table `products`
--
ALTER TABLE `products`
  MODIFY `id` bigint(20) NOT NULL AUTO_INCREMENT, AUTO_INCREMENT=31;

--
-- AUTO_INCREMENT for table `product_images`
--
ALTER TABLE `product_images`
  MODIFY `id` bigint(20) NOT NULL AUTO_INCREMENT, AUTO_INCREMENT=8;

--
-- AUTO_INCREMENT for table `shipping_methods`
--
ALTER TABLE `shipping_methods`
  MODIFY `id` bigint(20) NOT NULL AUTO_INCREMENT, AUTO_INCREMENT=3;

--
-- AUTO_INCREMENT for table `sizes`
--
ALTER TABLE `sizes`
  MODIFY `id` bigint(20) NOT NULL AUTO_INCREMENT, AUTO_INCREMENT=4;

--
-- AUTO_INCREMENT for table `users`
--
ALTER TABLE `users`
  MODIFY `id` bigint(20) NOT NULL AUTO_INCREMENT, AUTO_INCREMENT=7;

--
-- AUTO_INCREMENT for table `variants`
--
ALTER TABLE `variants`
  MODIFY `id` bigint(20) NOT NULL AUTO_INCREMENT, AUTO_INCREMENT=38;

--
-- Constraints for dumped tables
--

--
-- Constraints for table `addresses`
--
ALTER TABLE `addresses`
  ADD CONSTRAINT `addresses_ibfk_1` FOREIGN KEY (`user_id`) REFERENCES `users` (`id`),
  ADD CONSTRAINT `addresses_ibfk_2` FOREIGN KEY (`user_id`) REFERENCES `users` (`id`);

--
-- Constraints for table `blogs`
--
ALTER TABLE `blogs`
  ADD CONSTRAINT `blogs_ibfk_1` FOREIGN KEY (`user_id`) REFERENCES `users` (`id`),
  ADD CONSTRAINT `blogs_ibfk_2` FOREIGN KEY (`blog_category_id`) REFERENCES `blog_categories` (`id`),
  ADD CONSTRAINT `blogs_ibfk_3` FOREIGN KEY (`user_id`) REFERENCES `users` (`id`),
  ADD CONSTRAINT `blogs_ibfk_4` FOREIGN KEY (`blog_category_id`) REFERENCES `blog_categories` (`id`);

--
-- Constraints for table `carts`
--
ALTER TABLE `carts`
  ADD CONSTRAINT `carts_ibfk_1` FOREIGN KEY (`user_id`) REFERENCES `users` (`id`),
  ADD CONSTRAINT `carts_ibfk_2` FOREIGN KEY (`user_id`) REFERENCES `users` (`id`);

--
-- Constraints for table `cart_items`
--
ALTER TABLE `cart_items`
  ADD CONSTRAINT `cart_items_ibfk_1` FOREIGN KEY (`cart_id`) REFERENCES `carts` (`id`),
  ADD CONSTRAINT `cart_items_ibfk_2` FOREIGN KEY (`variant_id`) REFERENCES `variants` (`id`),
  ADD CONSTRAINT `cart_items_ibfk_3` FOREIGN KEY (`cart_id`) REFERENCES `carts` (`id`),
  ADD CONSTRAINT `cart_items_ibfk_4` FOREIGN KEY (`variant_id`) REFERENCES `variants` (`id`);

--
-- Constraints for table `comments`
--
ALTER TABLE `comments`
  ADD CONSTRAINT `comments_ibfk_1` FOREIGN KEY (`user_id`) REFERENCES `users` (`id`),
  ADD CONSTRAINT `comments_ibfk_2` FOREIGN KEY (`user_id`) REFERENCES `users` (`id`),
  ADD CONSTRAINT `fk_comments_product` FOREIGN KEY (`product_id`) REFERENCES `products` (`id`) ON DELETE CASCADE;

--
-- Constraints for table `orders`
--
ALTER TABLE `orders`
  ADD CONSTRAINT `orders_ibfk_1` FOREIGN KEY (`user_id`) REFERENCES `users` (`id`),
  ADD CONSTRAINT `orders_ibfk_2` FOREIGN KEY (`payment_method_id`) REFERENCES `payment_methods` (`id`),
  ADD CONSTRAINT `orders_ibfk_3` FOREIGN KEY (`shipping_method_id`) REFERENCES `shipping_methods` (`id`),
  ADD CONSTRAINT `orders_ibfk_4` FOREIGN KEY (`coupon_id`) REFERENCES `coupons` (`id`),
  ADD CONSTRAINT `orders_ibfk_5` FOREIGN KEY (`user_id`) REFERENCES `users` (`id`),
  ADD CONSTRAINT `orders_ibfk_6` FOREIGN KEY (`payment_method_id`) REFERENCES `payment_methods` (`id`),
  ADD CONSTRAINT `orders_ibfk_7` FOREIGN KEY (`shipping_method_id`) REFERENCES `shipping_methods` (`id`),
  ADD CONSTRAINT `orders_ibfk_8` FOREIGN KEY (`coupon_id`) REFERENCES `coupons` (`id`);

--
-- Constraints for table `order_items`
--
ALTER TABLE `order_items`
  ADD CONSTRAINT `order_items_ibfk_1` FOREIGN KEY (`order_id`) REFERENCES `orders` (`id`),
  ADD CONSTRAINT `order_items_ibfk_2` FOREIGN KEY (`variant_id`) REFERENCES `variants` (`id`),
  ADD CONSTRAINT `order_items_ibfk_3` FOREIGN KEY (`order_id`) REFERENCES `orders` (`id`),
  ADD CONSTRAINT `order_items_ibfk_4` FOREIGN KEY (`variant_id`) REFERENCES `variants` (`id`);

--
-- Constraints for table `products`
--
ALTER TABLE `products`
  ADD CONSTRAINT `products_ibfk_1` FOREIGN KEY (`brand_id`) REFERENCES `brands` (`id`),
  ADD CONSTRAINT `products_ibfk_2` FOREIGN KEY (`category_id`) REFERENCES `categories` (`id`),
  ADD CONSTRAINT `products_ibfk_3` FOREIGN KEY (`brand_id`) REFERENCES `brands` (`id`),
  ADD CONSTRAINT `products_ibfk_4` FOREIGN KEY (`category_id`) REFERENCES `categories` (`id`);

--
-- Constraints for table `product_images`
--
ALTER TABLE `product_images`
  ADD CONSTRAINT `product_images_ibfk_1` FOREIGN KEY (`product_id`) REFERENCES `products` (`id`),
  ADD CONSTRAINT `product_images_ibfk_2` FOREIGN KEY (`product_id`) REFERENCES `products` (`id`);

--
-- Constraints for table `variants`
--
ALTER TABLE `variants`
  ADD CONSTRAINT `variants_ibfk_1` FOREIGN KEY (`product_id`) REFERENCES `products` (`id`),
  ADD CONSTRAINT `variants_ibfk_2` FOREIGN KEY (`color_id`) REFERENCES `colors` (`id`),
  ADD CONSTRAINT `variants_ibfk_3` FOREIGN KEY (`size_id`) REFERENCES `sizes` (`id`),
  ADD CONSTRAINT `variants_ibfk_4` FOREIGN KEY (`product_id`) REFERENCES `products` (`id`),
  ADD CONSTRAINT `variants_ibfk_5` FOREIGN KEY (`color_id`) REFERENCES `colors` (`id`),
  ADD CONSTRAINT `variants_ibfk_6` FOREIGN KEY (`size_id`) REFERENCES `sizes` (`id`);
COMMIT;

/*!40101 SET CHARACTER_SET_CLIENT=@OLD_CHARACTER_SET_CLIENT */;
/*!40101 SET CHARACTER_SET_RESULTS=@OLD_CHARACTER_SET_RESULTS */;
/*!40101 SET COLLATION_CONNECTION=@OLD_COLLATION_CONNECTION */;
